no;block_unique;block;block.pair;cz;population;isoline;treatment;temperature;repr.type;sum;propN_start;propN_F1;fitness;anc_pop
1;I.II_ancFOG6_Iz6;I.II;I;II;ancFOG6;Iz6;anc;20C;FOG;453;0.487091222;0.249448124;-0.237643098;X
2;I.II_ancFOG6_Iz6;I.II;I;II;ancFOG6;Iz6;anc;20C;FOG;1156;0.487091222;0.256920415;-0.230170807;X
3;I.II_ancFOG6_Iz6;I.II;I;II;ancFOG6;Iz6;anc;20C;FOG;585;0.487091222;0.25982906;-0.227262162;X
4;I.II_ancFOG6_Iz6;I.II;I;II;ancFOG6;Iz6;anc;20C;FOG;478;0.487091222;0.261506276;-0.225584946;X
5;I.I_ancFOG6_Iz6;I.I;I;I;ancFOG6;Iz6;anc;20C;FOG;276;0.593974175;0.34057971;-0.253394465;X
6;I.I_ancFOG6_Iz6;I.I;I;I;ancFOG6;Iz6;anc;20C;FOG;318;0.593974175;0.36163522;-0.232338955;X
7;I.I_ancFOG6_Iz6;I.I;I;I;ancFOG6;Iz6;anc;20C;FOG;680;0.593974175;0.369117647;-0.224856528;X
8;I.I_ancFOG6_Iz6;I.I;I;I;ancFOG6;Iz6;anc;20C;FOG;581;0.593974175;0.401032702;-0.192941473;X
9;IV.II_ancFOG6_Iz6;IV.II;IV;II;ancFOG6;Iz6;anc;20C;FOG;106;0.682481752;0.528301887;-0.154179865;X
10;IV.II_ancFOG6_Iz6;IV.II;IV;II;ancFOG6;Iz6;anc;20C;FOG;414;0.682481752;0.528985507;-0.153496245;X
11;IV.II_ancFOG6_Iz6;IV.II;IV;II;ancFOG6;Iz6;anc;20C;FOG;399;0.682481752;0.556390977;-0.126090774;X
12;IV.II_ancFOG6_Iz6;IV.II;IV;II;ancFOG6;Iz6;anc;20C;FOG;205;0.682481752;0.575609756;-0.106871996;X
13;IV.I_ancFOG6_Iz6;IV.I;IV;I;ancFOG6;Iz6;anc;20C;FOG;179;0.757575758;0.648044693;-0.109531065;X
14;IV.I_ancFOG6_Iz6;IV.I;IV;I;ancFOG6;Iz6;anc;20C;FOG;581;0.757575758;0.648881239;-0.108694518;X
15;IV.I_ancFOG6_Iz6;IV.I;IV;I;ancFOG6;Iz6;anc;20C;FOG;682;0.757575758;0.653958944;-0.103616813;X
16;IV.I_ancFOG6_Iz6;IV.I;IV;I;ancFOG6;Iz6;anc;20C;FOG;524;0.757575758;0.723282443;-0.034293315;X
17;II.I_ancFOG8_Iz8;II.I;II;I;ancFOG8;Iz8;anc;20C;FOG;580;0.485148515;0.275862069;-0.209286446;X
18;II.I_ancFOG8_Iz8;II.I;II;I;ancFOG8;Iz8;anc;20C;FOG;486;0.485148515;0.288065844;-0.197082671;X
19;II.I_ancFOG8_Iz8;II.I;II;I;ancFOG8;Iz8;anc;20C;FOG;833;0.485148515;0.300120048;-0.185028467;X
20;II.I_ancFOG8_Iz8;II.I;II;I;ancFOG8;Iz8;anc;20C;FOG;876;0.485148515;0.345890411;-0.139258104;X
21;II.II_ancFOG8_Iz8;II.II;II;II;ancFOG8;Iz8;anc;20C;FOG;1519;0.675105485;0.448979592;-0.226125893;X
22;II.II_ancFOG8_Iz8;II.II;II;II;ancFOG8;Iz8;anc;20C;FOG;1050;0.675105485;0.457142857;-0.217962628;X
23;II.II_ancFOG8_Iz8;II.II;II;II;ancFOG8;Iz8;anc;20C;FOG;687;0.675105485;0.499272198;-0.175833287;X
24;II.II_ancFOG8_Iz8;II.II;II;II;ancFOG8;Iz8;anc;20C;FOG;1467;0.675105485;0.508520791;-0.166584695;X
25;III.II_ancFOG9_Iz9;III.II;III;II;ancFOG9;Iz9;anc;20C;FOG;478;0.544392523;0.263598326;-0.280794197;X
26;III.II_ancFOG9_Iz9;III.II;III;II;ancFOG9;Iz9;anc;20C;FOG;503;0.544392523;0.296222664;-0.248169859;X
27;III.II_ancFOG9_Iz9;III.II;III;II;ancFOG9;Iz9;anc;20C;FOG;675;0.544392523;0.297777778;-0.246614746;X
28;III.II_ancFOG9_Iz9;III.II;III;II;ancFOG9;Iz9;anc;20C;FOG;605;0.544392523;0.299173554;-0.24521897;X
29;III.I_ancFOG9_Iz9;III.I;III;I;ancFOG9;Iz9;anc;20C;FOG;810;0.506622517;0.333333333;-0.173289183;X
30;III.I_ancFOG9_Iz9;III.I;III;I;ancFOG9;Iz9;anc;20C;FOG;414;0.506622517;0.376811594;-0.129810922;X
31;III.I_ancFOG9_Iz9;III.I;III;I;ancFOG9;Iz9;anc;20C;FOG;1164;0.506622517;0.385738832;-0.120883685;X
32;III.I_ancFOG9_Iz9;III.I;III;I;ancFOG9;Iz9;anc;20C;FOG;751;0.506622517;0.420772304;-0.085850213;X
33;I.II_ancWT6_Iz6;I.II;I;II;ancWT6;Iz6;anc;20C;WT;1004;0.5375;0.363545817;-0.173954183;X
34;I.I_ancWT6_Iz6;I.I;I;I;ancWT6;Iz6;anc;20C;WT;1203;0.450402145;0.377389859;-0.073012286;X
35;I.I_ancWT6_Iz6;I.I;I;I;ancWT6;Iz6;anc;20C;WT;788;0.450402145;0.384517766;-0.065884378;X
36;I.II_ancWT6_Iz6;I.II;I;II;ancWT6;Iz6;anc;20C;WT;635;0.5375;0.387401575;-0.150098425;X
37;I.II_ancWT6_Iz6;I.II;I;II;ancWT6;Iz6;anc;20C;WT;1011;0.5375;0.409495549;-0.128004451;X
38;I.II_ancWT6_Iz6;I.II;I;II;ancWT6;Iz6;anc;20C;WT;1036;0.5375;0.414092664;-0.123407336;X
39;I.I_ancWT6_Iz6;I.I;I;I;ancWT6;Iz6;anc;20C;WT;555;0.450402145;0.425225225;-0.02517692;X
40;I.I_ancWT6_Iz6;I.I;I;I;ancWT6;Iz6;anc;20C;WT;1476;0.450402145;0.426829268;-0.023572876;X
41;IV.I_ancWT6_Iz6;IV.I;IV;I;ancWT6;Iz6;anc;20C;WT;694;0.669584245;0.554755043;-0.114829202;X
42;IV.I_ancWT6_Iz6;IV.I;IV;I;ancWT6;Iz6;anc;20C;WT;786;0.669584245;0.555979644;-0.113604601;X
43;IV.I_ancWT6_Iz6;IV.I;IV;I;ancWT6;Iz6;anc;20C;WT;1075;0.669584245;0.615813953;-0.053770292;X
44;IV.I_ancWT6_Iz6;IV.I;IV;I;ancWT6;Iz6;anc;20C;WT;559;0.669584245;0.617173524;-0.052410721;X
45;IV.II_ancWT6_Iz6;IV.II;IV;II;ancWT6;Iz6;anc;20C;WT;1216;0.647840532;0.721217105;0.073376574;X
46;IV.II_ancWT6_Iz6;IV.II;IV;II;ancWT6;Iz6;anc;20C;WT;541;0.647840532;0.722735675;0.074895143;X
47;IV.II_ancWT6_Iz6;IV.II;IV;II;ancWT6;Iz6;anc;20C;WT;874;0.647840532;0.727688787;0.079848256;X
48;IV.II_ancWT6_Iz6;IV.II;IV;II;ancWT6;Iz6;anc;20C;WT;942;0.647840532;0.781316348;0.133475817;X
49;II.II_ancWT8_Iz8;II.II;II;II;ancWT8;Iz8;anc;20C;WT;660;0.45049505;0.415151515;-0.035343534;X
50;II.II_ancWT8_Iz8;II.II;II;II;ancWT8;Iz8;anc;20C;WT;990;0.45049505;0.42020202;-0.030293029;X
51;II.II_ancWT8_Iz8;II.II;II;II;ancWT8;Iz8;anc;20C;WT;1364;0.45049505;0.43914956;-0.011345489;X
52;II.I_ancWT8_Iz8;II.I;II;I;ancWT8;Iz8;anc;20C;WT;606;0.537777778;0.45049505;-0.087282728;X
53;II.I_ancWT8_Iz8;II.I;II;I;ancWT8;Iz8;anc;20C;WT;444;0.537777778;0.454954955;-0.082822823;X
54;II.I_ancWT8_Iz8;II.I;II;I;ancWT8;Iz8;anc;20C;WT;336;0.537777778;0.467261905;-0.070515873;X
55;II.I_ancWT8_Iz8;II.I;II;I;ancWT8;Iz8;anc;20C;WT;599;0.537777778;0.475792988;-0.061984789;X
56;II.II_ancWT8_Iz8;II.II;II;II;ancWT8;Iz8;anc;20C;WT;1014;0.45049505;0.499013807;0.048518757;X
57;III.I_ancWT9_Iz9;III.I;III;I;ancWT9;Iz9;anc;20C;WT;870;0.457760314;0.317241379;-0.140518935;X
58;III.I_ancWT9_Iz9;III.I;III;I;ancWT9;Iz9;anc;20C;WT;859;0.457760314;0.335273574;-0.12248674;X
59;III.I_ancWT9_Iz9;III.I;III;I;ancWT9;Iz9;anc;20C;WT;1067;0.457760314;0.364573571;-0.093186744;X
60;III.II_ancWT9_Iz9;III.II;III;II;ancWT9;Iz9;anc;20C;WT;889;0.419068736;0.409448819;-0.009619917;X
61;III.I_ancWT9_Iz9;III.I;III;I;ancWT9;Iz9;anc;20C;WT;726;0.457760314;0.41046832;-0.047291995;X
62;III.II_ancWT9_Iz9;III.II;III;II;ancWT9;Iz9;anc;20C;WT;522;0.419068736;0.423371648;0.004302911;X
63;III.II_ancWT9_Iz9;III.II;III;II;ancWT9;Iz9;anc;20C;WT;586;0.419068736;0.424914676;0.00584594;X
64;III.II_ancWT9_Iz9;III.II;III;II;ancWT9;Iz9;anc;20C;WT;647;0.419068736;0.43431221;0.015243474;X
65;IV.I_E01_Iz6;IV.I;IV;I;E01;Iz6;ev24;24C;FOG;314;0.664347826;0.423566879;-0.240780947;IV.I_ancFOG6_Iz6
66;IV.I_E01_Iz6;IV.I;IV;I;E01;Iz6;ev24;24C;FOG;459;0.664347826;0.461873638;-0.202474188;IV.I_ancFOG6_Iz6
67;IV.I_E01_Iz6;IV.I;IV;I;E01;Iz6;ev24;24C;FOG;194;0.664347826;0.463917526;-0.2004303;IV.I_ancFOG6_Iz6
68;IV.II_E01_Iz6;IV.II;IV;II;E01;Iz6;ev24;24C;FOG;64;0.686868687;0.46875;-0.218118687;IV.II_ancFOG6_Iz6
69;IV.I_E01_Iz6;IV.I;IV;I;E01;Iz6;ev24;24C;FOG;177;0.664347826;0.508474576;-0.15587325;IV.I_ancFOG6_Iz6
70;IV.II_E01_Iz6;IV.II;IV;II;E01;Iz6;ev24;24C;FOG;232;0.686868687;0.551724138;-0.135144549;IV.II_ancFOG6_Iz6
71;IV.II_E01_Iz6;IV.II;IV;II;E01;Iz6;ev24;24C;FOG;195;0.686868687;0.61025641;-0.076612277;IV.II_ancFOG6_Iz6
72;IV.II_E01_Iz6;IV.II;IV;II;E01;Iz6;ev24;24C;FOG;250;0.686868687;0.64;-0.046868687;IV.II_ancFOG6_Iz6
73;I.I_E02_Iz6;I.I;I;I;E02;Iz6;ev24;24C;FOG;684;0.581896552;0.30994152;-0.271955031;I.I_ancFOG6_Iz6
74;I.II_E02_Iz6;I.II;I;II;E02;Iz6;ev24;24C;FOG;1109;0.529320988;0.314697926;-0.214623062;I.II_ancFOG6_Iz6
75;I.II_E02_Iz6;I.II;I;II;E02;Iz6;ev24;24C;FOG;1179;0.529320988;0.332485157;-0.196835831;I.II_ancFOG6_Iz6
76;I.II_E02_Iz6;I.II;I;II;E02;Iz6;ev24;24C;FOG;356;0.529320988;0.362359551;-0.166961437;I.II_ancFOG6_Iz6
77;I.II_E02_Iz6;I.II;I;II;E02;Iz6;ev24;24C;FOG;1136;0.529320988;0.368838028;-0.160482959;I.II_ancFOG6_Iz6
78;I.I_E02_Iz6;I.I;I;I;E02;Iz6;ev24;24C;FOG;647;0.581896552;0.377125193;-0.204771359;I.I_ancFOG6_Iz6
79;I.I_E02_Iz6;I.I;I;I;E02;Iz6;ev24;24C;FOG;352;0.581896552;0.377840909;-0.204055643;I.I_ancFOG6_Iz6
80;I.I_E02_Iz6;I.I;I;I;E02;Iz6;ev24;24C;FOG;498;0.581896552;0.445783133;-0.136113419;I.I_ancFOG6_Iz6
81;IV.I_E03_Iz6;IV.I;IV;I;E03;Iz6;ev24;24C;FOG;795;0.75177305;0.543396226;-0.208376823;IV.I_ancFOG6_Iz6
82;IV.II_E03_Iz6;IV.II;IV;II;E03;Iz6;ev24;24C;FOG;666;0.770601336;0.585585586;-0.185015751;IV.II_ancFOG6_Iz6
83;IV.I_E03_Iz6;IV.I;IV;I;E03;Iz6;ev24;24C;FOG;751;0.75177305;0.585885486;-0.165887564;IV.I_ancFOG6_Iz6
84;IV.I_E03_Iz6;IV.I;IV;I;E03;Iz6;ev24;24C;FOG;275;0.75177305;0.589090909;-0.162682141;IV.I_ancFOG6_Iz6
85;IV.I_E03_Iz6;IV.I;IV;I;E03;Iz6;ev24;24C;FOG;578;0.75177305;0.589965398;-0.161807652;IV.I_ancFOG6_Iz6
86;IV.II_E03_Iz6;IV.II;IV;II;E03;Iz6;ev24;24C;FOG;508;0.770601336;0.604330709;-0.166270628;IV.II_ancFOG6_Iz6
87;IV.II_E03_Iz6;IV.II;IV;II;E03;Iz6;ev24;24C;FOG;580;0.770601336;0.606896552;-0.163704785;IV.II_ancFOG6_Iz6
88;IV.II_E03_Iz6;IV.II;IV;II;E03;Iz6;ev24;24C;FOG;488;0.770601336;0.680327869;-0.090273467;IV.II_ancFOG6_Iz6
89;I.II_E05_Iz6;I.II;I;II;E05;Iz6;ev24;24C;FOG;1360;0.534450652;0.325735294;-0.208715358;I.II_ancFOG6_Iz6
90;I.II_E05_Iz6;I.II;I;II;E05;Iz6;ev24;24C;FOG;519;0.534450652;0.337186898;-0.197263754;I.II_ancFOG6_Iz6
91;I.II_E05_Iz6;I.II;I;II;E05;Iz6;ev24;24C;FOG;1003;0.534450652;0.360917248;-0.173533404;I.II_ancFOG6_Iz6
92;I.I_E05_Iz6;I.I;I;I;E05;Iz6;ev24;24C;FOG;345;0.575091575;0.368115942;-0.206975633;I.I_ancFOG6_Iz6
93;I.II_E05_Iz6;I.II;I;II;E05;Iz6;ev24;24C;FOG;709;0.534450652;0.410437236;-0.124013416;I.II_ancFOG6_Iz6
94;I.I_E05_Iz6;I.I;I;I;E05;Iz6;ev24;24C;FOG;237;0.575091575;0.421940928;-0.153150647;I.I_ancFOG6_Iz6
95;I.I_E05_Iz6;I.I;I;I;E05;Iz6;ev24;24C;FOG;201;0.575091575;0.427860697;-0.147230879;I.I_ancFOG6_Iz6
96;I.I_E05_Iz6;I.I;I;I;E05;Iz6;ev24;24C;FOG;278;0.575091575;0.5;-0.075091575;I.I_ancFOG6_Iz6
97;I.II_E06_Iz6;I.II;I;II;E06;Iz6;ev24;24C;FOG;1100;0.413043478;0.193636364;-0.219407115;I.II_ancFOG6_Iz6
98;I.II_E06_Iz6;I.II;I;II;E06;Iz6;ev24;24C;FOG;935;0.413043478;0.198930481;-0.214112997;I.II_ancFOG6_Iz6
99;I.II_E06_Iz6;I.II;I;II;E06;Iz6;ev24;24C;FOG;1440;0.413043478;0.207638889;-0.205404589;I.II_ancFOG6_Iz6
100;I.II_E06_Iz6;I.II;I;II;E06;Iz6;ev24;24C;FOG;1009;0.413043478;0.223984143;-0.189059336;I.II_ancFOG6_Iz6
101;I.I_E06_Iz6;I.I;I;I;E06;Iz6;ev24;24C;FOG;848;0.743703704;0.481132075;-0.262571628;I.I_ancFOG6_Iz6
102;I.I_E06_Iz6;I.I;I;I;E06;Iz6;ev24;24C;FOG;831;0.743703704;0.503008424;-0.24069528;I.I_ancFOG6_Iz6
103;I.I_E06_Iz6;I.I;I;I;E06;Iz6;ev24;24C;FOG;296;0.743703704;0.523648649;-0.220055055;I.I_ancFOG6_Iz6
104;I.I_E06_Iz6;I.I;I;I;E06;Iz6;ev24;24C;FOG;761;0.743703704;0.532194481;-0.211509223;I.I_ancFOG6_Iz6
105;I.II_E08_Iz6;I.II;I;II;E08;Iz6;ev24;24C;FOG;1040;0.426470588;0.188461538;-0.23800905;I.II_ancFOG6_Iz6
106;I.II_E08_Iz6;I.II;I;II;E08;Iz6;ev24;24C;FOG;753;0.426470588;0.209827357;-0.216643231;I.II_ancFOG6_Iz6
107;I.II_E08_Iz6;I.II;I;II;E08;Iz6;ev24;24C;FOG;652;0.426470588;0.25;-0.176470588;I.II_ancFOG6_Iz6
108;I.II_E08_Iz6;I.II;I;II;E08;Iz6;ev24;24C;FOG;1186;0.426470588;0.260539629;-0.165930959;I.II_ancFOG6_Iz6
109;I.I_E08_Iz6;I.I;I;I;E08;Iz6;ev24;24C;FOG;450;0.689873418;0.304444444;-0.385428973;I.I_ancFOG6_Iz6
110;I.I_E08_Iz6;I.I;I;I;E08;Iz6;ev24;24C;FOG;363;0.689873418;0.347107438;-0.34276598;I.I_ancFOG6_Iz6
111;I.I_E08_Iz6;I.I;I;I;E08;Iz6;ev24;24C;FOG;460;0.689873418;0.35;-0.339873418;I.I_ancFOG6_Iz6
112;I.I_E08_Iz6;I.I;I;I;E08;Iz6;ev24;24C;FOG;459;0.689873418;0.368191721;-0.321681697;I.I_ancFOG6_Iz6
113;I.II_E09_Iz6;I.II;I;II;E09;Iz6;ev24;24C;FOG;543;0.524096386;0.314917127;-0.209179258;I.II_ancFOG6_Iz6
114;I.II_E09_Iz6;I.II;I;II;E09;Iz6;ev24;24C;FOG;1499;0.524096386;0.329553035;-0.19454335;I.II_ancFOG6_Iz6
115;I.II_E09_Iz6;I.II;I;II;E09;Iz6;ev24;24C;FOG;1032;0.524096386;0.348837209;-0.175259176;I.II_ancFOG6_Iz6
116;I.II_E09_Iz6;I.II;I;II;E09;Iz6;ev24;24C;FOG;1016;0.524096386;0.375984252;-0.148112134;I.II_ancFOG6_Iz6
117;I.I_E09_Iz6;I.I;I;I;E09;Iz6;ev24;24C;FOG;1005;0.6875;0.445771144;-0.241728856;I.I_ancFOG6_Iz6
118;I.I_E09_Iz6;I.I;I;I;E09;Iz6;ev24;24C;FOG;658;0.6875;0.455927052;-0.231572948;I.I_ancFOG6_Iz6
119;I.I_E09_Iz6;I.I;I;I;E09;Iz6;ev24;24C;FOG;597;0.6875;0.475711893;-0.211788107;I.I_ancFOG6_Iz6
120;I.I_E09_Iz6;I.I;I;I;E09;Iz6;ev24;24C;FOG;860;0.6875;0.481395349;-0.206104651;I.I_ancFOG6_Iz6
121;IV.I_E12_Iz6;IV.I;IV;I;E12;Iz6;ev24;24C;FOG;156;0.697940503;0.506410256;-0.191530247;IV.I_ancFOG6_Iz6
122;IV.I_E12_Iz6;IV.I;IV;I;E12;Iz6;ev24;24C;FOG;368;0.697940503;0.567934783;-0.130005721;IV.I_ancFOG6_Iz6
123;IV.II_E12_Iz6;IV.II;IV;II;E12;Iz6;ev24;24C;FOG;526;0.735955056;0.591254753;-0.144700303;IV.II_ancFOG6_Iz6
124;IV.I_E12_Iz6;IV.I;IV;I;E12;Iz6;ev24;24C;FOG;130;0.697940503;0.592307692;-0.105632811;IV.I_ancFOG6_Iz6
125;IV.I_E12_Iz6;IV.I;IV;I;E12;Iz6;ev24;24C;FOG;740;0.697940503;0.601351351;-0.096589152;IV.I_ancFOG6_Iz6
126;IV.II_E12_Iz6;IV.II;IV;II;E12;Iz6;ev24;24C;FOG;480;0.735955056;0.610416667;-0.12553839;IV.II_ancFOG6_Iz6
127;IV.II_E12_Iz6;IV.II;IV;II;E12;Iz6;ev24;24C;FOG;712;0.735955056;0.619382022;-0.116573034;IV.II_ancFOG6_Iz6
128;IV.II_E12_Iz6;IV.II;IV;II;E12;Iz6;ev24;24C;FOG;588;0.735955056;0.646258503;-0.089696553;IV.II_ancFOG6_Iz6
129;II.II_E13_Iz8;II.II;II;II;E13;Iz8;ev24;24C;FOG;1262;0.435582822;0.270206022;-0.1653768;II.II_ancFOG8_Iz8
130;II.I_E13_Iz8;II.I;II;I;E13;Iz8;ev24;24C;FOG;740;0.336696091;0.27027027;-0.066425821;II.I_ancFOG8_Iz8
131;II.I_E13_Iz8;II.I;II;I;E13;Iz8;ev24;24C;FOG;843;0.336696091;0.298932384;-0.037763706;II.I_ancFOG8_Iz8
132;II.II_E13_Iz8;II.II;II;II;E13;Iz8;ev24;24C;FOG;1188;0.435582822;0.307239057;-0.128343765;II.II_ancFOG8_Iz8
133;II.II_E13_Iz8;II.II;II;II;E13;Iz8;ev24;24C;FOG;702;0.435582822;0.323361823;-0.112220999;II.II_ancFOG8_Iz8
134;II.I_E13_Iz8;II.I;II;I;E13;Iz8;ev24;24C;FOG;716;0.336696091;0.332402235;-0.004293856;II.I_ancFOG8_Iz8
135;II.I_E13_Iz8;II.I;II;I;E13;Iz8;ev24;24C;FOG;961;0.336696091;0.335067638;-0.001628453;II.I_ancFOG8_Iz8
136;II.II_E13_Iz8;II.II;II;II;E13;Iz8;ev24;24C;FOG;1087;0.435582822;0.346826127;-0.088756695;II.II_ancFOG8_Iz8
137;II.I_E14_Iz8;II.I;II;I;E14;Iz8;ev24;24C;FOG;690;0.484924623;0.265217391;-0.219707232;II.I_ancFOG8_Iz8
138;II.I_E14_Iz8;II.I;II;I;E14;Iz8;ev24;24C;FOG;579;0.484924623;0.31433506;-0.170589563;II.I_ancFOG8_Iz8
139;II.I_E14_Iz8;II.I;II;I;E14;Iz8;ev24;24C;FOG;1159;0.484924623;0.33649698;-0.148427643;II.I_ancFOG8_Iz8
140;II.I_E14_Iz8;II.I;II;I;E14;Iz8;ev24;24C;FOG;731;0.484924623;0.34746922;-0.137455403;II.I_ancFOG8_Iz8
141;II.II_E14_Iz8;II.II;II;II;E14;Iz8;ev24;24C;FOG;835;0.782608696;0.432335329;-0.350273366;II.II_ancFOG8_Iz8
142;II.II_E14_Iz8;II.II;II;II;E14;Iz8;ev24;24C;FOG;1173;0.782608696;0.630008525;-0.152600171;II.II_ancFOG8_Iz8
143;II.II_E14_Iz8;II.II;II;II;E14;Iz8;ev24;24C;FOG;631;0.782608696;0.649762282;-0.132846414;II.II_ancFOG8_Iz8
144;II.II_E14_Iz8;II.II;II;II;E14;Iz8;ev24;24C;FOG;953;0.782608696;0.652675761;-0.129932935;II.II_ancFOG8_Iz8
145;II.I_E17_Iz8;II.I;II;I;E17;Iz8;ev24;24C;FOG;637;0.565909091;0.394034537;-0.171874554;II.I_ancFOG8_Iz8
146;II.I_E17_Iz8;II.I;II;I;E17;Iz8;ev24;24C;FOG;688;0.565909091;0.396802326;-0.169106765;II.I_ancFOG8_Iz8
147;II.I_E17_Iz8;II.I;II;I;E17;Iz8;ev24;24C;FOG;1154;0.565909091;0.409878683;-0.156030408;II.I_ancFOG8_Iz8
148;II.I_E17_Iz8;II.I;II;I;E17;Iz8;ev24;24C;FOG;815;0.565909091;0.46993865;-0.095970441;II.I_ancFOG8_Iz8
149;II.II_E17_Iz8;II.II;II;II;E17;Iz8;ev24;24C;FOG;582;0.739299611;0.596219931;-0.14307968;II.II_ancFOG8_Iz8
150;II.II_E17_Iz8;II.II;II;II;E17;Iz8;ev24;24C;FOG;1129;0.739299611;0.596988485;-0.142311126;II.II_ancFOG8_Iz8
151;II.II_E17_Iz8;II.II;II;II;E17;Iz8;ev24;24C;FOG;1469;0.739299611;0.640571818;-0.098727793;II.II_ancFOG8_Iz8
152;II.II_E17_Iz8;II.II;II;II;E17;Iz8;ev24;24C;FOG;279;0.739299611;0.659498208;-0.079801403;II.II_ancFOG8_Iz8
153;III.II_E34_Iz9;III.II;III;II;E34;Iz9;ev24;24C;FOG;799;0.494047619;0.326658323;-0.167389296;III.II_ancFOG9_Iz9
154;III.II_E34_Iz9;III.II;III;II;E34;Iz9;ev24;24C;FOG;830;0.494047619;0.340963855;-0.153083764;III.II_ancFOG9_Iz9
155;III.II_E34_Iz9;III.II;III;II;E34;Iz9;ev24;24C;FOG;535;0.494047619;0.364485981;-0.129561638;III.II_ancFOG9_Iz9
156;III.II_E34_Iz9;III.II;III;II;E34;Iz9;ev24;24C;FOG;504;0.494047619;0.388888889;-0.10515873;III.II_ancFOG9_Iz9
157;III.I_E34_Iz9;III.I;III;I;E34;Iz9;ev24;24C;FOG;95;0.412997904;0.515789474;0.10279157;III.I_ancFOG9_Iz9
158;III.I_E34_Iz9;III.I;III;I;E34;Iz9;ev24;24C;FOG;264;0.412997904;0.568181818;0.155183915;III.I_ancFOG9_Iz9
159;III.I_E34_Iz9;III.I;III;I;E34;Iz9;ev24;24C;FOG;791;0.412997904;0.568900126;0.155902223;III.I_ancFOG9_Iz9
160;III.I_E34_Iz9;III.I;III;I;E34;Iz9;ev24;24C;FOG;439;0.412997904;0.571753986;0.158756083;III.I_ancFOG9_Iz9
161;I.II_E73_Iz6;I.II;I;II;E73;Iz6;ev24;24C;WT;895;0.526548673;0.324022346;-0.202526326;I.II_ancWT6_Iz6
162;I.II_E73_Iz6;I.II;I;II;E73;Iz6;ev24;24C;WT;554;0.526548673;0.341155235;-0.185393438;I.II_ancWT6_Iz6
163;I.II_E73_Iz6;I.II;I;II;E73;Iz6;ev24;24C;WT;610;0.526548673;0.368852459;-0.157696214;I.II_ancWT6_Iz6
164;I.II_E73_Iz6;I.II;I;II;E73;Iz6;ev24;24C;WT;840;0.526548673;0.377380952;-0.14916772;I.II_ancWT6_Iz6
165;I.I_E73_Iz6;I.I;I;I;E73;Iz6;ev24;24C;WT;1155;0.739482201;0.56969697;-0.169785231;I.I_ancWT6_Iz6
166;I.I_E73_Iz6;I.I;I;I;E73;Iz6;ev24;24C;WT;1370;0.739482201;0.619708029;-0.119774171;I.I_ancWT6_Iz6
167;IV.I_E73_Iz6;IV.I;IV;I;E73;Iz6;ev24;24C;WT;154;0.643243243;0.642857143;-0.0003861;IV.I_ancWT6_Iz6
168;I.I_E73_Iz6;I.I;I;I;E73;Iz6;ev24;24C;WT;985;0.739482201;0.65177665;-0.087705551;I.I_ancWT6_Iz6
169;I.I_E73_Iz6;I.I;I;I;E73;Iz6;ev24;24C;WT;1309;0.739482201;0.653170359;-0.086311842;I.I_ancWT6_Iz6
170;IV.II_E73_Iz6;IV.II;IV;II;E73;Iz6;ev24;24C;WT;463;0.712686567;0.665226782;-0.047459785;IV.II_ancWT6_Iz6
171;IV.I_E73_Iz6;IV.I;IV;I;E73;Iz6;ev24;24C;WT;512;0.643243243;0.66796875;0.024725507;IV.I_ancWT6_Iz6
172;IV.I_E73_Iz6;IV.I;IV;I;E73;Iz6;ev24;24C;WT;760;0.643243243;0.672368421;0.029125178;IV.I_ancWT6_Iz6
173;IV.II_E73_Iz6;IV.II;IV;II;E73;Iz6;ev24;24C;WT;394;0.712686567;0.69035533;-0.022331237;IV.II_ancWT6_Iz6
174;IV.II_E73_Iz6;IV.II;IV;II;E73;Iz6;ev24;24C;WT;469;0.712686567;0.703624733;-0.009061834;IV.II_ancWT6_Iz6
175;IV.I_E73_Iz6;IV.I;IV;I;E73;Iz6;ev24;24C;WT;609;0.643243243;0.70771757;0.064474327;IV.I_ancWT6_Iz6
176;IV.II_E73_Iz6;IV.II;IV;II;E73;Iz6;ev24;24C;WT;329;0.712686567;0.714285714;0.001599147;IV.II_ancWT6_Iz6
177;I.II_E74_Iz6;I.II;I;II;E74;Iz6;ev24;24C;WT;883;0.485519591;0.32389581;-0.161623781;I.II_ancWT6_Iz6
178;I.II_E74_Iz6;I.II;I;II;E74;Iz6;ev24;24C;WT;675;0.485519591;0.325925926;-0.159593665;I.II_ancWT6_Iz6
179;I.II_E74_Iz6;I.II;I;II;E74;Iz6;ev24;24C;WT;858;0.485519591;0.348484848;-0.137034743;I.II_ancWT6_Iz6
180;I.II_E74_Iz6;I.II;I;II;E74;Iz6;ev24;24C;WT;1001;0.485519591;0.353646354;-0.131873237;I.II_ancWT6_Iz6
181;I.I_E74_Iz6;I.I;I;I;E74;Iz6;ev24;24C;WT;1054;0.607344633;0.5056926;-0.101652033;I.I_ancWT6_Iz6
182;I.I_E74_Iz6;I.I;I;I;E74;Iz6;ev24;24C;WT;473;0.607344633;0.526427061;-0.080917571;I.I_ancWT6_Iz6
183;I.I_E74_Iz6;I.I;I;I;E74;Iz6;ev24;24C;WT;1351;0.607344633;0.541080681;-0.066263952;I.I_ancWT6_Iz6
184;I.I_E74_Iz6;I.I;I;I;E74;Iz6;ev24;24C;WT;697;0.607344633;0.588235294;-0.019109339;I.I_ancWT6_Iz6
185;IV.I_E74_Iz6;IV.I;IV;I;E74;Iz6;ev24;24C;WT;327;0.741721854;0.727828746;-0.013893108;IV.I_ancWT6_Iz6
186;IV.II_E74_Iz6;IV.II;IV;II;E74;Iz6;ev24;24C;WT;624;0.766447368;0.754807692;-0.011639676;IV.II_ancWT6_Iz6
187;IV.I_E74_Iz6;IV.I;IV;I;E74;Iz6;ev24;24C;WT;809;0.741721854;0.755253399;0.013531545;IV.I_ancWT6_Iz6
188;IV.II_E74_Iz6;IV.II;IV;II;E74;Iz6;ev24;24C;WT;634;0.766447368;0.755520505;-0.010926864;IV.II_ancWT6_Iz6
189;IV.I_E74_Iz6;IV.I;IV;I;E74;Iz6;ev24;24C;WT;544;0.741721854;0.757352941;0.015631087;IV.I_ancWT6_Iz6
190;IV.II_E74_Iz6;IV.II;IV;II;E74;Iz6;ev24;24C;WT;744;0.766447368;0.762096774;-0.004350594;IV.II_ancWT6_Iz6
191;IV.I_E74_Iz6;IV.I;IV;I;E74;Iz6;ev24;24C;WT;893;0.741721854;0.790593505;0.048871651;IV.I_ancWT6_Iz6
192;IV.II_E74_Iz6;IV.II;IV;II;E74;Iz6;ev24;24C;WT;422;0.766447368;0.798578199;0.032130831;IV.II_ancWT6_Iz6
193;I.II_E75_Iz6;I.II;I;II;E75;Iz6;ev24;24C;WT;678;0.479338843;0.315634218;-0.163704625;I.II_ancWT6_Iz6
194;I.II_E75_Iz6;I.II;I;II;E75;Iz6;ev24;24C;WT;662;0.479338843;0.31570997;-0.163628873;I.II_ancWT6_Iz6
195;I.II_E75_Iz6;I.II;I;II;E75;Iz6;ev24;24C;WT;991;0.479338843;0.354187689;-0.125151154;I.II_ancWT6_Iz6
196;I.II_E75_Iz6;I.II;I;II;E75;Iz6;ev24;24C;WT;718;0.479338843;0.370473538;-0.108865305;I.II_ancWT6_Iz6
197;I.I_E75_Iz6;I.I;I;I;E75;Iz6;ev24;24C;WT;900;0.592592593;0.511111111;-0.081481481;I.I_ancWT6_Iz6
198;I.I_E75_Iz6;I.I;I;I;E75;Iz6;ev24;24C;WT;741;0.592592593;0.512820513;-0.07977208;I.I_ancWT6_Iz6
199;I.I_E75_Iz6;I.I;I;I;E75;Iz6;ev24;24C;WT;841;0.592592593;0.544589774;-0.048002819;I.I_ancWT6_Iz6
200;I.I_E75_Iz6;I.I;I;I;E75;Iz6;ev24;24C;WT;629;0.592592593;0.607313196;0.014720603;I.I_ancWT6_Iz6
201;II.I_E86_Iz8;II.I;II;I;E86;Iz8;ev24;24C;WT;794;0.596319018;0.492443325;-0.103875693;II.I_ancWT8_Iz8
202;II.I_E86_Iz8;II.I;II;I;E86;Iz8;ev24;24C;WT;771;0.596319018;0.505836576;-0.090482443;II.I_ancWT8_Iz8
203;II.I_E86_Iz8;II.I;II;I;E86;Iz8;ev24;24C;WT;802;0.596319018;0.527431421;-0.068887597;II.I_ancWT8_Iz8
204;II.I_E86_Iz8;II.I;II;I;E86;Iz8;ev24;24C;WT;808;0.596319018;0.545792079;-0.050526939;II.I_ancWT8_Iz8
205;II.II_E86_Iz8;II.II;II;II;E86;Iz8;ev24;24C;WT;1285;0.786026201;0.715175097;-0.070851104;II.II_ancWT8_Iz8
206;II.II_E86_Iz8;II.II;II;II;E86;Iz8;ev24;24C;WT;1209;0.786026201;0.718775848;-0.067250353;II.II_ancWT8_Iz8
207;II.II_E86_Iz8;II.II;II;II;E86;Iz8;ev24;24C;WT;1270;0.786026201;0.722047244;-0.063978957;II.II_ancWT8_Iz8
208;II.II_E86_Iz8;II.II;II;II;E86;Iz8;ev24;24C;WT;1089;0.786026201;0.759412305;-0.026613896;II.II_ancWT8_Iz8
209;II.I_E87_Iz8;II.I;II;I;E87;Iz8;ev24;24C;WT;923;0.587345254;0.447453954;-0.1398913;II.I_ancWT8_Iz8
210;II.II_E87_Iz8;II.II;II;II;E87;Iz8;ev24;24C;WT;1142;0.56043956;0.469352014;-0.091087546;II.II_ancWT8_Iz8
211;II.II_E87_Iz8;II.II;II;II;E87;Iz8;ev24;24C;WT;1399;0.56043956;0.485346676;-0.075092884;II.II_ancWT8_Iz8
212;II.II_E87_Iz8;II.II;II;II;E87;Iz8;ev24;24C;WT;636;0.56043956;0.487421384;-0.073018177;II.II_ancWT8_Iz8
213;II.II_E87_Iz8;II.II;II;II;E87;Iz8;ev24;24C;WT;542;0.56043956;0.494464945;-0.065974616;II.II_ancWT8_Iz8
214;II.I_E87_Iz8;II.I;II;I;E87;Iz8;ev24;24C;WT;1102;0.587345254;0.514519056;-0.072826198;II.I_ancWT8_Iz8
215;II.I_E87_Iz8;II.I;II;I;E87;Iz8;ev24;24C;WT;1087;0.587345254;0.528058878;-0.059286377;II.I_ancWT8_Iz8
216;II.I_E87_Iz8;II.I;II;I;E87;Iz8;ev24;24C;WT;538;0.587345254;0.620817844;0.033472589;II.I_ancWT8_Iz8
217;III.I_E97_Iz9;III.I;III;I;E97;Iz9;ev24;24C;WT;1411;0.693266833;0.545712261;-0.147554572;III.I_ancWT9_Iz9
218;III.I_E97_Iz9;III.I;III;I;E97;Iz9;ev24;24C;WT;949;0.693266833;0.547945205;-0.145321627;III.I_ancWT9_Iz9
219;III.II_E97_Iz9;III.II;III;II;E97;Iz9;ev24;24C;WT;719;0.637931034;0.574408901;-0.063522133;III.II_ancWT9_Iz9
220;III.II_E97_Iz9;III.II;III;II;E97;Iz9;ev24;24C;WT;929;0.637931034;0.582346609;-0.055584425;III.II_ancWT9_Iz9
221;III.I_E97_Iz9;III.I;III;I;E97;Iz9;ev24;24C;WT;1249;0.693266833;0.596477182;-0.096789651;III.I_ancWT9_Iz9
222;III.I_E97_Iz9;III.I;III;I;E97;Iz9;ev24;24C;WT;814;0.693266833;0.608108108;-0.085158725;III.I_ancWT9_Iz9
223;III.II_E97_Iz9;III.II;III;II;E97;Iz9;ev24;24C;WT;901;0.637931034;0.654827969;0.016896934;III.II_ancWT9_Iz9
224;III.II_E97_Iz9;III.II;III;II;E97;Iz9;ev24;24C;WT;996;0.637931034;0.664658635;0.0267276;III.II_ancWT9_Iz9
225;III.I_E98_Iz9;III.I;III;I;E98;Iz9;ev24;24C;WT;1136;0.553699284;0.434859155;-0.118840129;III.I_ancWT9_Iz9
226;III.I_E98_Iz9;III.I;III;I;E98;Iz9;ev24;24C;WT;486;0.553699284;0.436213992;-0.117485292;III.I_ancWT9_Iz9
227;III.I_E98_Iz9;III.I;III;I;E98;Iz9;ev24;24C;WT;895;0.553699284;0.452513966;-0.101185318;III.I_ancWT9_Iz9
228;III.I_E98_Iz9;III.I;III;I;E98;Iz9;ev24;24C;WT;639;0.553699284;0.503912363;-0.049786921;III.I_ancWT9_Iz9
229;III.II_E98_Iz9;III.II;III;II;E98;Iz9;ev24;24C;WT;636;0.575163399;0.54245283;-0.032710569;III.II_ancWT9_Iz9
230;III.II_E98_Iz9;III.II;III;II;E98;Iz9;ev24;24C;WT;776;0.575163399;0.618556701;0.043393302;III.II_ancWT9_Iz9
231;III.II_E98_Iz9;III.II;III;II;E98;Iz9;ev24;24C;WT;522;0.575163399;0.664750958;0.089587559;III.II_ancWT9_Iz9
232;III.II_E98_Iz9;III.II;III;II;E98;Iz9;ev24;24C;WT;1083;0.575163399;0.671283472;0.096120073;III.II_ancWT9_Iz9
233;III.II_E99_Iz9;III.II;III;II;E99;Iz9;ev24;24C;WT;812;0.48630137;0.426108374;-0.060192995;III.II_ancWT9_Iz9
234;III.I_E99_Iz9;III.I;III;I;E99;Iz9;ev24;24C;WT;891;0.388724036;0.427609428;0.038885392;III.I_ancWT9_Iz9
235;III.I_E99_Iz9;III.I;III;I;E99;Iz9;ev24;24C;WT;994;0.388724036;0.469818913;0.081094878;III.I_ancWT9_Iz9
236;III.I_E99_Iz9;III.I;III;I;E99;Iz9;ev24;24C;WT;693;0.388724036;0.479076479;0.090352443;III.I_ancWT9_Iz9
237;III.II_E99_Iz9;III.II;III;II;E99;Iz9;ev24;24C;WT;1061;0.48630137;0.484448633;-0.001852736;III.II_ancWT9_Iz9
238;III.I_E99_Iz9;III.I;III;I;E99;Iz9;ev24;24C;WT;556;0.388724036;0.494604317;0.105880281;III.I_ancWT9_Iz9
239;III.II_E99_Iz9;III.II;III;II;E99;Iz9;ev24;24C;WT;483;0.48630137;0.532091097;0.045789727;III.II_ancWT9_Iz9
240;III.II_E99_Iz9;III.II;III;II;E99;Iz9;ev24;24C;WT;576;0.48630137;0.539930556;0.053629186;III.II_ancWT9_Iz9
241;II.II_K02_Iz8;II.II;II;II;K02;Iz8;ev20;20C;FOG;525;0.625468165;0.274285714;-0.351182451;II.II_ancFOG8_Iz8
242;II.I_K02_Iz8;II.I;II;I;K02;Iz8;ev20;20C;FOG;1018;0.643266476;0.327111984;-0.316154491;II.I_ancFOG8_Iz8
243;II.I_K02_Iz8;II.I;II;I;K02;Iz8;ev20;20C;FOG;608;0.643266476;0.337171053;-0.306095423;II.I_ancFOG8_Iz8
244;II.I_K02_Iz8;II.I;II;I;K02;Iz8;ev20;20C;FOG;1008;0.643266476;0.349206349;-0.294060126;II.I_ancFOG8_Iz8
245;II.I_K02_Iz8;II.I;II;I;K02;Iz8;ev20;20C;FOG;668;0.643266476;0.350299401;-0.292967074;II.I_ancFOG8_Iz8
246;II.II_K02_Iz8;II.II;II;II;K02;Iz8;ev20;20C;FOG;354;0.625468165;0.372881356;-0.252586809;II.II_ancFOG8_Iz8
247;II.II_K02_Iz8;II.II;II;II;K02;Iz8;ev20;20C;FOG;227;0.625468165;0.383259912;-0.242208253;II.II_ancFOG8_Iz8
248;II.II_K02_Iz8;II.II;II;II;K02;Iz8;ev20;20C;FOG;619;0.625468165;0.413570275;-0.21189789;II.II_ancFOG8_Iz8
249;III.I_K03_Iz9;III.I;III;I;K03;Iz9;ev20;20C;WT;963;0.258152174;0.325025961;0.066873787;III.I_ancWT9_Iz9
250;III.I_K03_Iz9;III.I;III;I;K03;Iz9;ev20;20C;WT;1232;0.258152174;0.339285714;0.08113354;III.I_ancWT9_Iz9
251;III.I_K03_Iz9;III.I;III;I;K03;Iz9;ev20;20C;WT;456;0.258152174;0.350877193;0.092725019;III.I_ancWT9_Iz9
252;III.I_K03_Iz9;III.I;III;I;K03;Iz9;ev20;20C;WT;623;0.258152174;0.393258427;0.135106253;III.I_ancWT9_Iz9
253;III.II_K03_Iz9;III.II;III;II;K03;Iz9;ev20;20C;WT;1006;0.323595506;0.486083499;0.162487993;III.II_ancWT9_Iz9
254;III.II_K03_Iz9;III.II;III;II;K03;Iz9;ev20;20C;WT;864;0.323595506;0.490740741;0.167145235;III.II_ancWT9_Iz9
255;III.II_K03_Iz9;III.II;III;II;K03;Iz9;ev20;20C;WT;762;0.323595506;0.501312336;0.17771683;III.II_ancWT9_Iz9
256;III.II_K03_Iz9;III.II;III;II;K03;Iz9;ev20;20C;WT;741;0.323595506;0.506072874;0.182477369;III.II_ancWT9_Iz9
257;I.II_K11_Iz6;I.II;I;II;K11;Iz6;ev20;20C;WT;1151;0.505747126;0.256298871;-0.249448256;I.II_ancWT6_Iz6
258;I.II_K11_Iz6;I.II;I;II;K11;Iz6;ev20;20C;WT;578;0.505747126;0.295847751;-0.209899376;I.II_ancWT6_Iz6
259;I.II_K11_Iz6;I.II;I;II;K11;Iz6;ev20;20C;WT;998;0.505747126;0.313627255;-0.192119872;I.II_ancWT6_Iz6
260;I.II_K11_Iz6;I.II;I;II;K11;Iz6;ev20;20C;WT;1425;0.505747126;0.32;-0.185747126;I.II_ancWT6_Iz6
261;I.I_K11_Iz6;I.I;I;I;K11;Iz6;ev20;20C;WT;302;0.629453682;0.394039735;-0.235413947;I.I_ancWT6_Iz6
262;I.I_K11_Iz6;I.I;I;I;K11;Iz6;ev20;20C;WT;454;0.629453682;0.438325991;-0.191127691;I.I_ancWT6_Iz6
263;I.I_K11_Iz6;I.I;I;I;K11;Iz6;ev20;20C;WT;347;0.629453682;0.475504323;-0.153949359;I.I_ancWT6_Iz6
264;I.I_K11_Iz6;I.I;I;I;K11;Iz6;ev20;20C;WT;691;0.629453682;0.513748191;-0.115705491;I.I_ancWT6_Iz6
265;IV.I_K11_Iz6;IV.I;IV;I;K11;Iz6;ev20;20C;WT;530;0.756704981;0.660377358;-0.096327622;IV.I_ancWT6_Iz6
266;IV.I_K11_Iz6;IV.I;IV;I;K11;Iz6;ev20;20C;WT;1045;0.756704981;0.686124402;-0.070580579;IV.I_ancWT6_Iz6
267;IV.I_K11_Iz6;IV.I;IV;I;K11;Iz6;ev20;20C;WT;721;0.756704981;0.687933426;-0.068771555;IV.I_ancWT6_Iz6
268;IV.I_K11_Iz6;IV.I;IV;I;K11;Iz6;ev20;20C;WT;608;0.756704981;0.690789474;-0.065915507;IV.I_ancWT6_Iz6
269;IV.II_K11_Iz6;IV.II;IV;II;K11;Iz6;ev20;20C;WT;713;0.76875;0.786816269;0.018066269;IV.II_ancWT6_Iz6
270;IV.II_K11_Iz6;IV.II;IV;II;K11;Iz6;ev20;20C;WT;1012;0.76875;0.809288538;0.040538538;IV.II_ancWT6_Iz6
271;IV.II_K11_Iz6;IV.II;IV;II;K11;Iz6;ev20;20C;WT;759;0.76875;0.820816864;0.052066864;IV.II_ancWT6_Iz6
272;IV.II_K11_Iz6;IV.II;IV;II;K11;Iz6;ev20;20C;WT;755;0.76875;0.82781457;0.05906457;IV.II_ancWT6_Iz6
273;II.II_K12_Iz8;II.II;II;II;K12;Iz8;ev20;20C;FOG;391;0.318681319;0.138107417;-0.180573902;II.II_ancFOG8_Iz8
274;II.II_K12_Iz8;II.II;II;II;K12;Iz8;ev20;20C;FOG;1025;0.318681319;0.144390244;-0.174291075;II.II_ancFOG8_Iz8
275;II.II_K12_Iz8;II.II;II;II;K12;Iz8;ev20;20C;FOG;348;0.318681319;0.152298851;-0.166382468;II.II_ancFOG8_Iz8
276;II.II_K12_Iz8;II.II;II;II;K12;Iz8;ev20;20C;FOG;1015;0.318681319;0.157635468;-0.161045851;II.II_ancFOG8_Iz8
277;II.I_K12_Iz8;II.I;II;I;K12;Iz8;ev20;20C;FOG;1030;0.431670282;0.169902913;-0.261767369;II.I_ancFOG8_Iz8
278;II.I_K12_Iz8;II.I;II;I;K12;Iz8;ev20;20C;FOG;744;0.431670282;0.225806452;-0.20586383;II.I_ancFOG8_Iz8
279;II.I_K12_Iz8;II.I;II;I;K12;Iz8;ev20;20C;FOG;444;0.431670282;0.247747748;-0.183922534;II.I_ancFOG8_Iz8
280;II.I_K12_Iz8;II.I;II;I;K12;Iz8;ev20;20C;FOG;454;0.431670282;0.290748899;-0.140921383;II.I_ancFOG8_Iz8
281;II.I_K16_Iz8;II.I;II;I;K16;Iz8;ev20;20C;WT;1301;0.453974895;0.308993082;-0.144981813;II.I_ancWT8_Iz8
282;II.I_K16_Iz8;II.I;II;I;K16;Iz8;ev20;20C;WT;748;0.453974895;0.367647059;-0.086327837;II.I_ancWT8_Iz8
283;II.I_K16_Iz8;II.I;II;I;K16;Iz8;ev20;20C;WT;517;0.453974895;0.396518375;-0.05745652;II.I_ancWT8_Iz8
284;II.I_K16_Iz8;II.I;II;I;K16;Iz8;ev20;20C;WT;714;0.453974895;0.403361345;-0.050613551;II.I_ancWT8_Iz8
285;II.II_K16_Iz8;II.II;II;II;K16;Iz8;ev20;20C;WT;1137;0.64075067;0.567282322;-0.073468348;II.II_ancWT8_Iz8
286;II.II_K16_Iz8;II.II;II;II;K16;Iz8;ev20;20C;WT;1226;0.64075067;0.584013051;-0.05673762;II.II_ancWT8_Iz8
287;II.II_K16_Iz8;II.II;II;II;K16;Iz8;ev20;20C;WT;1104;0.64075067;0.605072464;-0.035678206;II.II_ancWT8_Iz8
288;II.II_K16_Iz8;II.II;II;II;K16;Iz8;ev20;20C;WT;838;0.64075067;0.692124105;0.051373435;II.II_ancWT8_Iz8
289;III.II_K21_Iz9;III.II;III;II;K21;Iz9;ev20;20C;FOG;969;0.286012526;0.334365325;0.048352799;III.II_ancFOG9_Iz9
290;III.II_K21_Iz9;III.II;III;II;K21;Iz9;ev20;20C;FOG;844;0.286012526;0.376777251;0.090764725;III.II_ancFOG9_Iz9
291;III.II_K21_Iz9;III.II;III;II;K21;Iz9;ev20;20C;FOG;466;0.286012526;0.381974249;0.095961723;III.II_ancFOG9_Iz9
292;III.II_K21_Iz9;III.II;III;II;K21;Iz9;ev20;20C;FOG;851;0.286012526;0.385428907;0.099416381;III.II_ancFOG9_Iz9
293;III.I_K21_Iz9;III.I;III;I;K21;Iz9;ev20;20C;FOG;469;0.627376426;0.484008529;-0.143367897;III.I_ancFOG9_Iz9
294;III.I_K21_Iz9;III.I;III;I;K21;Iz9;ev20;20C;FOG;1035;0.627376426;0.498550725;-0.128825701;III.I_ancFOG9_Iz9
295;III.I_K21_Iz9;III.I;III;I;K21;Iz9;ev20;20C;FOG;524;0.627376426;0.503816794;-0.123559632;III.I_ancFOG9_Iz9
296;III.I_K21_Iz9;III.I;III;I;K21;Iz9;ev20;20C;FOG;1062;0.627376426;0.558380414;-0.068996012;III.I_ancFOG9_Iz9
297;II.I_K25_Iz8;II.I;II;I;K25;Iz8;ev20;20C;FOG;817;0.390291262;0.257037944;-0.133253318;II.I_ancFOG8_Iz8
298;II.I_K25_Iz8;II.I;II;I;K25;Iz8;ev20;20C;FOG;748;0.390291262;0.263368984;-0.126922278;II.I_ancFOG8_Iz8
299;II.I_K25_Iz8;II.I;II;I;K25;Iz8;ev20;20C;FOG;1108;0.390291262;0.28700361;-0.103287652;II.I_ancFOG8_Iz8
300;II.I_K25_Iz8;II.I;II;I;K25;Iz8;ev20;20C;FOG;427;0.390291262;0.288056206;-0.102235056;II.I_ancFOG8_Iz8
301;II.II_K25_Iz8;II.II;II;II;K25;Iz8;ev20;20C;FOG;736;0.659090909;0.331521739;-0.32756917;II.II_ancFOG8_Iz8
302;II.II_K25_Iz8;II.II;II;II;K25;Iz8;ev20;20C;FOG;923;0.659090909;0.348862405;-0.310228504;II.II_ancFOG8_Iz8
303;II.II_K25_Iz8;II.II;II;II;K25;Iz8;ev20;20C;FOG;673;0.659090909;0.353640416;-0.305450493;II.II_ancFOG8_Iz8
304;II.II_K25_Iz8;II.II;II;II;K25;Iz8;ev20;20C;FOG;1010;0.659090909;0.359405941;-0.299684968;II.II_ancFOG8_Iz8
305;IV.I_K28_Iz6;IV.I;IV;I;K28;Iz6;ev20;20C;FOG;623;0.62;0.439807384;-0.180192616;IV.I_ancFOG6_Iz6
306;IV.I_K28_Iz6;IV.I;IV;I;K28;Iz6;ev20;20C;FOG;235;0.62;0.480851064;-0.139148936;IV.I_ancFOG6_Iz6
307;IV.I_K28_Iz6;IV.I;IV;I;K28;Iz6;ev20;20C;FOG;610;0.62;0.526229508;-0.093770492;IV.I_ancFOG6_Iz6
308;IV.I_K28_Iz6;IV.I;IV;I;K28;Iz6;ev20;20C;FOG;90;0.62;0.566666667;-0.053333333;IV.I_ancFOG6_Iz6
309;IV.II_K28_Iz6;IV.II;IV;II;K28;Iz6;ev20;20C;FOG;316;0.781021898;0.651898734;-0.129123164;IV.II_ancFOG6_Iz6
310;IV.II_K28_Iz6;IV.II;IV;II;K28;Iz6;ev20;20C;FOG;311;0.781021898;0.710610932;-0.070410965;IV.II_ancFOG6_Iz6
311;IV.II_K28_Iz6;IV.II;IV;II;K28;Iz6;ev20;20C;FOG;521;0.781021898;0.765834933;-0.015186965;IV.II_ancFOG6_Iz6
312;IV.II_K28_Iz6;IV.II;IV;II;K28;Iz6;ev20;20C;FOG;442;0.781021898;0.78959276;0.008570862;IV.II_ancFOG6_Iz6
313;I.II_K32_Iz6;I.II;I;II;K32;Iz6;ev20;20C;WT;1169;0.47993311;0.318220701;-0.161712409;I.II_ancWT6_Iz6
314;I.II_K32_Iz6;I.II;I;II;K32;Iz6;ev20;20C;WT;923;0.47993311;0.336944745;-0.142988365;I.II_ancWT6_Iz6
315;I.II_K32_Iz6;I.II;I;II;K32;Iz6;ev20;20C;WT;1146;0.47993311;0.337696335;-0.142236775;I.II_ancWT6_Iz6
316;I.II_K32_Iz6;I.II;I;II;K32;Iz6;ev20;20C;WT;956;0.47993311;0.34623431;-0.133698801;I.II_ancWT6_Iz6
317;I.I_K32_Iz6;I.I;I;I;K32;Iz6;ev20;20C;WT;671;0.571428571;0.415797317;-0.155631254;I.I_ancWT6_Iz6
318;I.I_K32_Iz6;I.I;I;I;K32;Iz6;ev20;20C;WT;670;0.571428571;0.446268657;-0.125159915;I.I_ancWT6_Iz6
319;I.I_K32_Iz6;I.I;I;I;K32;Iz6;ev20;20C;WT;254;0.571428571;0.452755906;-0.118672666;I.I_ancWT6_Iz6
320;I.I_K32_Iz6;I.I;I;I;K32;Iz6;ev20;20C;WT;578;0.571428571;0.470588235;-0.100840336;I.I_ancWT6_Iz6
321;IV.I_K32_Iz6;IV.I;IV;I;K32;Iz6;ev20;20C;WT;877;0.726098191;0.654503991;-0.0715942;IV.I_ancWT6_Iz6
322;IV.I_K32_Iz6;IV.I;IV;I;K32;Iz6;ev20;20C;WT;823;0.726098191;0.663426488;-0.062671703;IV.I_ancWT6_Iz6
323;IV.I_K32_Iz6;IV.I;IV;I;K32;Iz6;ev20;20C;WT;907;0.726098191;0.683572216;-0.042525975;IV.I_ancWT6_Iz6
324;IV.II_K32_Iz6;IV.II;IV;II;K32;Iz6;ev20;20C;WT;669;0.7136;0.693572496;-0.020027504;IV.II_ancWT6_Iz6
325;IV.II_K32_Iz6;IV.II;IV;II;K32;Iz6;ev20;20C;WT;435;0.7136;0.698850575;-0.014749425;IV.II_ancWT6_Iz6
326;IV.I_K32_Iz6;IV.I;IV;I;K32;Iz6;ev20;20C;WT;891;0.726098191;0.713804714;-0.012293477;IV.I_ancWT6_Iz6
327;IV.II_K32_Iz6;IV.II;IV;II;K32;Iz6;ev20;20C;WT;466;0.7136;0.740343348;0.026743348;IV.II_ancWT6_Iz6
328;IV.II_K32_Iz6;IV.II;IV;II;K32;Iz6;ev20;20C;WT;433;0.7136;0.76443418;0.05083418;IV.II_ancWT6_Iz6
329;II.II_K37_Iz8;II.II;II;II;K37;Iz8;ev20;20C;WT;795;0.513071895;0.333333333;-0.179738562;II.II_ancWT8_Iz8
330;II.II_K37_Iz8;II.II;II;II;K37;Iz8;ev20;20C;WT;369;0.513071895;0.35501355;-0.158058345;II.II_ancWT8_Iz8
331;II.II_K37_Iz8;II.II;II;II;K37;Iz8;ev20;20C;WT;915;0.513071895;0.369398907;-0.143672988;II.II_ancWT8_Iz8
332;II.II_K37_Iz8;II.II;II;II;K37;Iz8;ev20;20C;WT;1420;0.513071895;0.36971831;-0.143353586;II.II_ancWT8_Iz8
333;II.I_K37_Iz8;II.I;II;I;K37;Iz8;ev20;20C;WT;571;0.549413735;0.376532399;-0.172881336;II.I_ancWT8_Iz8
334;II.I_K37_Iz8;II.I;II;I;K37;Iz8;ev20;20C;WT;774;0.549413735;0.478036176;-0.07137756;II.I_ancWT8_Iz8
335;II.I_K37_Iz8;II.I;II;I;K37;Iz8;ev20;20C;WT;674;0.549413735;0.483679525;-0.06573421;II.I_ancWT8_Iz8
336;II.I_K37_Iz8;II.I;II;I;K37;Iz8;ev20;20C;WT;693;0.549413735;0.538239538;-0.011174197;II.I_ancWT8_Iz8
337;III.I_K40_Iz9;III.I;III;I;K40;Iz9;ev20;20C;FOG;737;0.419172932;0.251017639;-0.168155293;III.I_ancFOG9_Iz9
338;III.I_K40_Iz9;III.I;III;I;K40;Iz9;ev20;20C;FOG;564;0.419172932;0.262411348;-0.156761585;III.I_ancFOG9_Iz9
339;III.I_K40_Iz9;III.I;III;I;K40;Iz9;ev20;20C;FOG;747;0.419172932;0.315930388;-0.103242544;III.I_ancFOG9_Iz9
340;III.II_K40_Iz9;III.II;III;II;K40;Iz9;ev20;20C;FOG;584;0.423913043;0.325342466;-0.098570578;III.II_ancFOG9_Iz9
341;III.I_K40_Iz9;III.I;III;I;K40;Iz9;ev20;20C;FOG;792;0.419172932;0.338383838;-0.080789094;III.I_ancFOG9_Iz9
342;III.II_K40_Iz9;III.II;III;II;K40;Iz9;ev20;20C;FOG;549;0.423913043;0.344262295;-0.079650748;III.II_ancFOG9_Iz9
343;III.II_K40_Iz9;III.II;III;II;K40;Iz9;ev20;20C;FOG;746;0.423913043;0.375335121;-0.048577923;III.II_ancFOG9_Iz9
344;III.II_K40_Iz9;III.II;III;II;K40;Iz9;ev20;20C;FOG;909;0.423913043;0.377337734;-0.04657531;III.II_ancFOG9_Iz9
345;III.II_K43_Iz9;III.II;III;II;K43;Iz9;ev20;20C;WT;763;0.281879195;0.373525557;0.091646362;III.II_ancWT9_Iz9
346;III.II_K43_Iz9;III.II;III;II;K43;Iz9;ev20;20C;WT;668;0.281879195;0.381736527;0.099857332;III.II_ancWT9_Iz9
347;III.II_K43_Iz9;III.II;III;II;K43;Iz9;ev20;20C;WT;815;0.281879195;0.397546012;0.115666818;III.II_ancWT9_Iz9
348;III.II_K43_Iz9;III.II;III;II;K43;Iz9;ev20;20C;WT;814;0.281879195;0.415233415;0.133354221;III.II_ancWT9_Iz9
349;III.I_K43_Iz9;III.I;III;I;K43;Iz9;ev20;20C;WT;1335;0.531120332;0.488389513;-0.042730819;III.I_ancWT9_Iz9
350;III.I_K43_Iz9;III.I;III;I;K43;Iz9;ev20;20C;WT;1483;0.531120332;0.513149022;-0.01797131;III.I_ancWT9_Iz9
351;III.I_K43_Iz9;III.I;III;I;K43;Iz9;ev20;20C;WT;667;0.531120332;0.526236882;-0.00488345;III.I_ancWT9_Iz9
352;III.I_K43_Iz9;III.I;III;I;K43;Iz9;ev20;20C;WT;671;0.531120332;0.591654247;0.060533915;III.I_ancWT9_Iz9
353;II.II_K54_Iz8;II.II;II;II;K54;Iz8;ev20;20C;FOG;423;0.595166163;0.349881797;-0.245284366;II.II_ancFOG8_Iz8
354;II.I_K54_Iz8;II.I;II;I;K54;Iz8;ev20;20C;FOG;507;0.578703704;0.351084813;-0.227618891;II.I_ancFOG8_Iz8
355;II.I_K54_Iz8;II.I;II;I;K54;Iz8;ev20;20C;FOG;622;0.578703704;0.36977492;-0.208928784;II.I_ancFOG8_Iz8
356;II.II_K54_Iz8;II.II;II;II;K54;Iz8;ev20;20C;FOG;973;0.595166163;0.412127441;-0.183038722;II.II_ancFOG8_Iz8
357;II.II_K54_Iz8;II.II;II;II;K54;Iz8;ev20;20C;FOG;518;0.595166163;0.418918919;-0.176247244;II.II_ancFOG8_Iz8
358;II.I_K54_Iz8;II.I;II;I;K54;Iz8;ev20;20C;FOG;1008;0.578703704;0.426587302;-0.152116402;II.I_ancFOG8_Iz8
359;II.II_K54_Iz8;II.II;II;II;K54;Iz8;ev20;20C;FOG;1526;0.595166163;0.437090433;-0.158075731;II.II_ancFOG8_Iz8
360;II.I_K54_Iz8;II.I;II;I;K54;Iz8;ev20;20C;FOG;927;0.578703704;0.441208198;-0.137495505;II.I_ancFOG8_Iz8
361;II.I_K57_Iz8;II.I;II;I;K57;Iz8;ev20;20C;WT;801;0.623987034;0.564294632;-0.059692402;II.I_ancWT8_Iz8
362;II.I_K57_Iz8;II.I;II;I;K57;Iz8;ev20;20C;WT;925;0.623987034;0.578378378;-0.045608656;II.I_ancWT8_Iz8
363;II.I_K57_Iz8;II.I;II;I;K57;Iz8;ev20;20C;WT;809;0.623987034;0.588380717;-0.035606317;II.I_ancWT8_Iz8
364;II.I_K57_Iz8;II.I;II;I;K57;Iz8;ev20;20C;WT;784;0.623987034;0.602040816;-0.021946218;II.I_ancWT8_Iz8
365;II.II_K57_Iz8;II.II;II;II;K57;Iz8;ev20;20C;WT;934;0.738461538;0.827623126;0.089161588;II.II_ancWT8_Iz8
366;II.II_K57_Iz8;II.II;II;II;K57;Iz8;ev20;20C;WT;794;0.738461538;0.828715365;0.090253827;II.II_ancWT8_Iz8
367;II.II_K57_Iz8;II.II;II;II;K57;Iz8;ev20;20C;WT;1094;0.738461538;0.857404022;0.118942483;II.II_ancWT8_Iz8
368;II.II_K57_Iz8;II.II;II;II;K57;Iz8;ev20;20C;WT;926;0.738461538;0.859611231;0.121149693;II.II_ancWT8_Iz8
369;I.I_K60_Iz6;I.I;I;I;K60;Iz6;ev20;20C;FOG;257;0.515804598;0.256809339;-0.258995259;I.I_ancFOG6_Iz6
370;I.II_K60_Iz6;I.II;I;II;K60;Iz6;ev20;20C;FOG;943;0.49894958;0.270413574;-0.228536006;I.II_ancFOG6_Iz6
371;I.II_K60_Iz6;I.II;I;II;K60;Iz6;ev20;20C;FOG;872;0.49894958;0.285550459;-0.213399121;I.II_ancFOG6_Iz6
372;I.II_K60_Iz6;I.II;I;II;K60;Iz6;ev20;20C;FOG;697;0.49894958;0.308464849;-0.19048473;I.II_ancFOG6_Iz6
373;I.I_K60_Iz6;I.I;I;I;K60;Iz6;ev20;20C;FOG;423;0.515804598;0.309692671;-0.206111926;I.I_ancFOG6_Iz6
374;I.II_K60_Iz6;I.II;I;II;K60;Iz6;ev20;20C;FOG;270;0.49894958;0.314814815;-0.184134765;I.II_ancFOG6_Iz6
375;I.I_K60_Iz6;I.I;I;I;K60;Iz6;ev20;20C;FOG;429;0.515804598;0.396270396;-0.119534201;I.I_ancFOG6_Iz6
376;I.I_K60_Iz6;I.I;I;I;K60;Iz6;ev20;20C;FOG;847;0.515804598;0.422668241;-0.093136357;I.I_ancFOG6_Iz6
377;IV.II_K60_Iz6;IV.II;IV;II;K60;Iz6;ev20;20C;FOG;181;0.719008264;0.486187845;-0.232820419;IV.II_ancFOG6_Iz6
378;IV.II_K60_Iz6;IV.II;IV;II;K60;Iz6;ev20;20C;FOG;158;0.719008264;0.487341772;-0.231666492;IV.II_ancFOG6_Iz6
379;IV.II_K60_Iz6;IV.II;IV;II;K60;Iz6;ev20;20C;FOG;295;0.719008264;0.545762712;-0.173245553;IV.II_ancFOG6_Iz6
380;IV.I_K60_Iz6;IV.I;IV;I;K60;Iz6;ev20;20C;FOG;185;0.683774834;0.545945946;-0.137828888;IV.I_ancFOG6_Iz6
381;IV.I_K60_Iz6;IV.I;IV;I;K60;Iz6;ev20;20C;FOG;401;0.683774834;0.55361596;-0.130158874;IV.I_ancFOG6_Iz6
382;IV.I_K60_Iz6;IV.I;IV;I;K60;Iz6;ev20;20C;FOG;558;0.683774834;0.625448029;-0.058326806;IV.I_ancFOG6_Iz6
383;IV.I_K60_Iz6;IV.I;IV;I;K60;Iz6;ev20;20C;FOG;137;0.683774834;0.642335766;-0.041439068;IV.I_ancFOG6_Iz6
384;IV.II_K60_Iz6;IV.II;IV;II;K60;Iz6;ev20;20C;FOG;541;0.719008264;0.661737523;-0.057270741;IV.II_ancFOG6_Iz6